,created_at,index
0,2020-03-10 18:00:00,7747
0,2020-03-10 18:00:00,7747
0,2020-03-10 18:00:00,7747
0,2020-03-10 18:00:00,7747
0,2020-03-10 18:00:00,7747
0,2020-03-10 18:00:00,7747
0,2020-03-10 18:00:00,7747
0,2020-03-10 18:00:00,7747
0,2020-03-10 18:00:00,7747
0,2020-03-10 18:00:00,7747
0,2020-03-10 18:00:00,7747
0,2020-03-10 18:00:00,7747
0,2020-03-10 18:00:00,7747
0,2020-03-10 18:00:00,7747
0,2020-03-10 18:00:00,7747
0,2020-03-10 18:00:00,7747
0,2020-03-10 18:00:00,7747
0,2020-03-10 18:00:00,7747
0,2020-03-10 18:00:00,7747
0,2020-03-10 18:00:00,7747
0,2020-03-10 18:00:00,7747
0,2020-03-10 18:00:00,7747
